{"cameraMode":{"drawMode":0,"name":"Shaded","section":"Shading Mode"},"sceneLighting":true,"audioPlay":false,"sceneViewState":{"showFog":true,"showMaterialUpdate":false,"showSkybox":true,"showFlares":true,"showImageEffects":true,"showParticleSystems":true},"in2DMode":false,"pivot":{"x":5.022103309631348,"y":8.56047248840332,"z":-17.81717300415039},"rotation":{"x":0.0026776331942528488,"y":-0.45083633065223696,"z":0.0013526716502383352,"w":0.8926039338111877},"size":2.334993600845337,"orthographic":true}