{"cameraMode":{"drawMode":0,"name":"Shaded","section":"Shading Mode"},"sceneLighting":true,"audioPlay":false,"sceneViewState":{"showFog":true,"showMaterialUpdate":false,"showSkybox":true,"showFlares":true,"showImageEffects":true,"showParticleSystems":true},"in2DMode":false,"pivot":{"x":6.666666507720947,"y":6.666666507720947,"z":-10.0},"rotation":{"x":-0.15934425592422486,"y":-0.09697581082582474,"z":0.015732217580080034,"w":-0.9823346734046936},"size":1.7320507764816285,"orthographic":true}