{"cameraMode":{"drawMode":0,"name":"Shaded","section":"Shading Mode"},"sceneLighting":true,"audioPlay":false,"sceneViewState":{"showFog":true,"showMaterialUpdate":false,"showSkybox":true,"showFlares":true,"showImageEffects":true,"showParticleSystems":true},"in2DMode":false,"pivot":{"x":7.333333492279053,"y":7.333333492279053,"z":-10.0},"rotation":{"x":0.43072065711021426,"y":0.3998368978500366,"z":0.22130711376667024,"w":-0.7782378792762756},"size":0.1732051968574524,"orthographic":false}