{"cameraMode":{"drawMode":0,"name":"Shaded","section":"Shading Mode"},"sceneLighting":true,"audioPlay":false,"sceneViewState":{"showFog":true,"showMaterialUpdate":false,"showSkybox":true,"showFlares":true,"showImageEffects":true,"showParticleSystems":true},"in2DMode":false,"pivot":{"x":39.38646697998047,"y":34.154991149902347,"z":-4.075823783874512},"rotation":{"x":0.0034468029625713827,"y":0.9237315058708191,"z":0.38294804096221926,"w":-0.008313790895044804},"size":46.89215087890625,"orthographic":false}