{"cameraMode":{"drawMode":0,"name":"Shaded","section":"Shading Mode"},"sceneLighting":true,"audioPlay":false,"sceneViewState":{"showFog":true,"showMaterialUpdate":false,"showSkybox":true,"showFlares":true,"showImageEffects":true,"showParticleSystems":true},"in2DMode":false,"pivot":{"x":33.67713165283203,"y":5.183655261993408,"z":-2.2293543815612795},"rotation":{"x":-0.24426451325416566,"y":0.07409654557704926,"z":0.01872277818620205,"w":0.9666925668716431},"size":19.250764846801759,"orthographic":false}