{"cameraMode":{"drawMode":0,"name":"Shaded","section":"Shading Mode"},"sceneLighting":true,"audioPlay":false,"sceneViewState":{"showFog":true,"showMaterialUpdate":false,"showSkybox":true,"showFlares":true,"showImageEffects":true,"showParticleSystems":true},"in2DMode":false,"pivot":{"x":16.688491821289064,"y":35.61741256713867,"z":-2.4051430225372316},"rotation":{"x":-0.0020080972462892534,"y":-0.9977596998214722,"z":0.056933868676424029,"w":-0.035343047231435779},"size":3.3366377353668215,"orthographic":false}