{"cameraMode":{"drawMode":0,"name":"Shaded","section":"Shading Mode"},"sceneLighting":true,"audioPlay":false,"sceneViewState":{"showFog":true,"showMaterialUpdate":false,"showSkybox":true,"showFlares":true,"showImageEffects":true,"showParticleSystems":true},"in2DMode":false,"pivot":{"x":-0.9153578281402588,"y":-1.5267126560211182,"z":-0.8984366655349731},"rotation":{"x":0.43072065711021426,"y":0.3998368978500366,"z":0.22130711376667024,"w":-0.7782378792762756},"size":-0.18463855981826783,"orthographic":false}